Chandan Enterprise,Ahmedabad,"Chandan House, Plot No. 164, S Ector -21, Opp. Nigarm Petrol Pump, Gandhnagar -382022.  Ahmedabad 382022"
Mann Electronics,Ahmedabad,"869/2, Vishwakarma Shopping, N R. Madhur Parlour, Sector -21, Gandhinagar - 382021 Ahmedabad 382021"
Satguru Trading Company,Ahmedabad,1451 3  Shanti Nivas Building  Opp  Vijay Mill  Naroda  Ahm Ahmedabad 380025
Patidar Electronics,Ahmedabad,"Ff- 3/4, Shivshakti Complex, O Opp. Bhagyoday Hospital, Stati Ahmedabad 382715"
Himanshu Electronics,Ahmedabad,"Millenium Plaza, Near Akhbarnagar Circle, New Vadaj, Ahmedabad - 380013"
Cool Comfort,Ahmedabad,B 0 103 Sacchin Tower Satellite Ambawadi 100 Feet Road  Ahmedabad 380015
Ritu Electronics,Ahmedabad,"C-4, Madhur Milan, Appartment, , Nr. Petrol Pump, Opp. Under  Ahmedabad 382481"
N. J. Electronics,Ahmedabad,"57/5, Keshavbaug Society, Opp. . Govt. Colony, Nr. Meena Baja Ahmedabad 380016"
Digital Point,Ahmedabad,"1, Angel Arcade, Opp. Kalupur   Commercial Bank, Bhyangdev -  Ahmedabad 380061"
Jadav Mobile And Electronics Showroom,Ahmedabad,"37, Swastik Super Market, Opp. Kotak Bank, Kalol Road, Kadi - 382715"
Maruti Nandan Marketing,Ahmedabad,"Near Hanumanpura Brts Bus Stop P, Opp. Safal-6, Dudheshwar Ro Ahmedabad 380004"
Rajasthan Electronics,Ahmedabad,"114, Purnima Nagar, Rajendra Park Road, Odhav, Ahemdabad,Gujarat,382415"
Dream Electronics,Ahmedabad,"118-Suman City Complex,Sector -11,Gandhinagar-382011"
Safezone Electronics,Ahmedabad,G03  Plot No  231  Haveli Arca Ade  Sector 11  Gandhinagar 38 Gandhinagar 382011
Vh Electronics Hub,Ahmedabad,18  Gala Magnus  Sobo Center R Road  South Bopal  Ahmedabad   Ahmedabad 380058
Meet Enterprise (Thaltej),Ahmedabad,"Electronic Junction, Ff-31, Sg Mall, Thaltej, Opp. Home Town, Ahmedabad - 380059."
Shreeji Electronics And Service Station (Setellite),Ahmedabad,"U-9, Shiromani Complex, Opp. Ocean Park, Satellite Road, Ahmedabad -380015."
Shreeji Electronics And Service Station Meghaninagar,Ahmedabad,"56/1/5, Keshavbaug, Opp. Gov. Officer Colony,Meghaninagar, Ahmedabad-380016."
Dev Electronics,Ahmedabad,"L-36-253, Vandan Appartment, O Opp. Kalupur Bank, Ankur Road, Ahmedabad 380013"
Himanshu Sales,Ahmedabad,"15, Binali Complex, Opp. Torrent Power Office, Naranpura, Ahmedabad - 380013"
Krishna Marketing,Ahmedabad,"17, Uper Level, Millenium Plaz Za, Opp. Swaminarayan Temple,  Ahmedabad 380015"
Dreams Sales And Services,Ahmedabad,9215 A Ward Nr Gayatri School Kubernagar Ahmedabadb  Ahmedabad 382340
National Electronics,Ahmedabad,7/44 Sanjay Nagar Opp Naranpur Ra Telephone Exchange Naranpur Ahmedabad 380013
Raj Electronics,Ahmedabad,C 9 Maruti Appartment Bopal  Ahmedabad 380058
Shree Vishwakarma Enterprise,Ahmedabad,Gf 11 Silver Star Cmplx Gota Road Chandlodiya  Ahmedabad 382481
Meet Enterprise (Stadium),Ahmedabad,"Gurucharansingh Appartment, Opp. Sahyadri Flats, Stadium Road, Nr. Undrbridge, Ahmedabad - 380014"
New Patel Electronics,Ahmedabad,"G F Shop No. 16, Ozone Angan,   Ramdev Pir Tekra, Wadaj Bus S Ahmedabad 380013"
Arihant Electronics,Ahmedabad,"Gf-7, Hirak Avenue, Nr. Hanuma An Temple, Opp. Management Enc Ahmedabad 380015"
Krrish Corporation,Ahmedabad,85 B 56 Radhavallabh Colony  Maninagar  Ahmedabad 380008
Sarvoday Enterprise,Ahmedabad,"9/10, Dhananajay Tower, Satellite, Ahmedabad."
Pithadai Electronics And Electricals,Ahmedabad,2-1 Shubhsonal Society Nr Ioc Road Sabarmati D-Cabin  Ahmedabad 382424
Raj Electronics,Ahmedabad,C 9 Maruti Appartment Bopal  Ahmedabad 380058
Shree Vishwakarma Enterprise,Ahmedabad,Gf 11 Silver Star Cmplx Gota Road Chandlodiya  Ahmedabad 382481
Umiya Sales And Service,Ahmedabad,8 Vithal Shopping Centre 100 T P Road Chandkheda   Ahmedabad 380005
Sarvodaya Enterprise,Ahmedabad,"9/10, Dhananajay Tower, Satellite, Ahmedabad."
Himanshu Electronics,Ahmedabad,"Millenium Plaza, Near Akhbarna Gar Circle, New Vadaj, Ahmedabad - 380013 Ahmedabad 380013"
Sonu Electronics,Ahmedabad,B 105 Girivar Pridel Odhav   Ahmedabad 382415
Cool Comfort,Ahmedabad,B 0 103 Sacchin Tower Satellite Ambawadi 100 Feet Road  Ahmedabad 380015
Himanshu Sales,Ahmedabad,"15, Binali Complex, Opp. Torre Nt Power Office, Naranpura, Ahmedabad - 380013 Ahmedabad 380013"
Umiya Electronics And Mobile,Ahmedabad,Shp No 7 Shree Heights Cplx Koba Gandhinagar Highway Bahaijipura Kudasan Gandhinagar 382026
Happy Cooling System,Ahmedabad,Gf 3 Hiral Shopping Ceneter  Nr Sahajanand Plaza Battha Ahmedabad 380007
Raj Electronics,Ahmedabad,C 9 Maruti Appartment Bopal  Ahmedabad 380058
Cool Point,Ahmedabad,F 20 21 Amee Akhand Anand Soci Ety Part 1 Opp Purvadeep Brts  Ahmedabad 380026
Khushboo Sales,Ahmedabad,Opp Shiv Complex 5 3 Divyabhum I Shopping Centre D Cabin Saba Ahmedabad 380019
J K Enterprice,Ahmedabad,Shop No 3 Gf Chhaya Chandkheda  Comm Trishla Chsl New C G Roa Ahmedabad 382424
Aashish Electronics,Ahmedabad,Shop No 3 Gf Chhaya Chandkheda  Comm Trishla Chsl New C G Roa Ahmedabad 382424
Pithadai Electronics & Electricals,Ahmedabad,2-1 Shubhsonal Society Nr Ioc Road Sabarmati D-Cabin  Ahmedabad 382424
Siddheshwari Electronics And Mobiles,Ahmedabad,G 4 A Shivshakti Complex Opp L Ic Officestation Road Kadi Kadi 382715
"Sales India Pvt Ltd,Ashram Road",Ahmedabad,Ashram Road Ahmedabad
Sales India Pvt Ltd Sg Road,Ahmedabad,S G Road Ahmedabad
Sales India Pvt Ltd Drive In,Ahmedabad,Drive Inn Ahmedabad
Sales India Pvt Ltd Maninagar,Ahmedabad,Maninagar Ahmedabad
Sales India Pvt Ltd Dharnidhar,Ahmedabad,Dharnidhar Ahmedabad
Sales India Pvt Ltd Bapunagar,Ahmedabad,Bapunagar Ahmedabad
Sales India Pvt Ltd Motera,Ahmedabad,Motera Ahmedabad
Sales India Pvt Ltd Ghatlodia,Ahmedabad,Ghatlodia Ahmedabad
Sales India Pvt Ltd Bopal,Ahmedabad,Bopal Ahmedabad
Sales India Pvt Ltd Prahlad Nagar,Ahmedabad,Prahlad Nagar Ahmedabad
Sales India Pvt Ltd Godrej Garden City,Ahmedabad,Godrej Garden City Ahmedabad
Sales India Pvt Ltd Nikol,Ahmedabad,Nikol Ahmedabad
Sales India Pvt Ltd Naroda,Ahmedabad,Naroda Ahmedabad
Jay Ambay Electronics,Ahmedabad,Nr Krishnanagar Bus Stand Nava Wadaj Ahmedabad  380013
Mishika Electronic,Ahmedabad,Gf 23 Angel Arcade Nr Solar Road  Ghatlodia Ahmadabad Ahmedabad  380061
Shree Umiya Enterprise,Ahmedabad,11 Manilalnagar Nr Dhanjibhai No Kuvo Chandlidia Ahmedabad Ahmedabad 382481
Nazz Mobile,Ahmedabad,"5-0306-25-3246-0001-A, Mahalaxmi Esate Nr.Bombay Hotel Opp.Old Octroi Naka Narol Ahmmedabad 382405."
Hingu Sales,Ahmedabad,54/1 214/2 Shriram Ternamanet Ahmedabad Ahmedabad Shahwadi Narol 382405
New Ghanshaym Electronics,Ahmedabad,70 Panchratna Soc Balol Nagar Char Rasta Ranip Ahmedabad 382480
Ghanshyam Electronics,Ahmedabad,Alpha Apt 38 Jivanbaug Soc Opp Deshwali  Soc Chandlodia Ahmedabad 382481
Royal Electronics,Ahmedabad,38 Khodiyar Chamber Detroj Road Kadi Kadi 382715
Atchaya Electronics,Bangalore,No  3/4 3Rd Cross Begur Main Road Hongasandra Bommanahalli Bangalore 560068
Rakesh Electronics,Bangalore,No 4 Ground And 1St Floor Next  To Aryan Suzuki Showroom Tc Palya Gate Batrahalli Bangalore 560049 Bangalore 560049
Aakarshan,Bangalore,No 14 Ground Floor Shankar Tow Ers Opp Bank Of Baroda Devasandra Main Road Bangalore 560036 Bangalore 560036
Manya Enterprises,Bangalore,No 253/A Tr Nagar 2Nd Cross 3R D Block Bangalore 560028 Bangalore 560028
Mohan Electronic Home Appliances,Bangalore,No 117 /1/67 Rajagopala Nagara Main Road Peenya 2Nd Stage Bangalore 560058
Devi International,Bangalore,"No 12/ New No 22, 10Th Main, 2 Nd Block, Jayanagar, Bangalore- 560011 Bangalore 560011"
Kundan Electronics-Doddabanswadi,Bangalore,Doddabansawadi Bangalore
S R M Electronics And Enterprises,Bangalore,No 23 Alina Arcades Near Vijay A Bank Old Madaras Road Sm Layout Kr Puram 560036 Bangalore 560036
Shubam Electronics And Home Appliances,Bangalore,No 117 Vidyaranya Pura Main Ro Ad Doddabommasandra Bangalore 560097 Bangalore 560097
Sri Sapthagiri Electronics,Bangalore,No 48 Ground Floor Bk Cr Surab Bhi Nagar Jambusavaridinne Jp  Bangalore 560076
Anand Home Appliances,Bangalore,No 99 10Th Cross Rajgopal Naga R Main Road Peenya 3Rd Phase Bangalore 560058 Bangalore 560058
Ace Communications And Home Appliances,Bangalore,No 31 Near Rajagopala Nagar Po Lice Station Rajgopal Nagar Main Road Peenya 2Nd Stage Bangalore 560058 Bangalore 560058
Sri Maruthi Stores,Bangalore,No N178 Shivananda Nagar Hegga Nahalli Bangalore 560091 Bangalore 560091
Ramesh Electronics,Bangalore,No 37/125 Rf Tower Jp Nagar 1S T Phase Kanakapura Main Road Off Subrigister Office Bangalore 560078 Bangalore 560078
Sri Sai Electro World,Bangalore,No 1 Rbi Goutham Housing Society Kothanur Main Road Near T R Hospital J P Nagar 7Th Phase Bangalore 560076
K S Darshan Home World,Bangalore,No 20 Bangari Arcade Gr Floor  1St Floor 1St Bleoc 12Th Cross Akshaya Nagar Tc Palya Main Road Kr Pur Bangalore 560016
Sha Gift And Home Appliances,Bangalore,No 44 St Main Rd Yeshwanthpura  Bangalore 560022
Sound N Vision,Bangalore,No 65 Dvg Road Arun Complex Ba Asavanagudi Bangalore 560004 Bangalore 560004
Grihavaibhava Marketing Pvt Ltd,Bangalore,No 144  146 Rastriya Vidhyalaya Rd Vishveswarapuram  Bangalore 560004
Sree Manjunatha Traders,Bangalore,No 23 Dr Vishnuvardhana Main Road Opp Bharath  Petrol Bunk Uttrahalli Bangalore 560061
Prakash Electronics-Rajajinagar,Bangalore,No 2 Modi Hospital Road West Of Chord Road Rajaji Nagar  Bangalore 560010
Mahaveer Tv House & Furniture,Bangalore,No 44 Venkataramanappa Building Laggere Circle  Laggere Main Road  Bangalore 560058
E Shoppe,Bangalore,No 38 Nagarabavi Main Road Moodalapalya  Bangalore Bangalore 560072
Kailash Home World,Bangalore,"No.14/1,2Nd Main Road,Nearsai   Baba Temple ,Kanteeravanagar, Bangalore 560096"
Kens Electronics,Bangalore,No 577 Ground Floor  Sri Lakshmi Complex  Tumkur Road T Dasarahalli Karnataka  Bangalore 560057
Anjaneya Enterprises,Bangalore,"374/105/1/2, Amruthahalli Village ,Yelahanka Hobli,Bangalore -560092"
Unilet Appliances Private Ltd-Hsr Layout,Bangalore,No 2318 27Th Main Road Hsr Layout Sector 1 Bda Bangalore Urban  Bangalore 560102
Shanthi Electronics,Bangalore,"Laggere Main Road, Peenya Post T, Banglaore-560058 Bangalore 560058"
Unilet Appliances Private Ltd-Indiranagar,Bangalore,No 2318 27Th Main Road Hsr Layout Sector 1 Bda Bangalore Urban  Bangalore 560102
Kundan Electronics-Rt Nagar,Bangalore,Rt Nagar Bangalore
Kundan Electronics-Coxtown,Bangalore,Coxtown Bangalore
Kundan Electronics-Bommanahalli,Bangalore,Bommanahalli Bangalore
Kundan Electronics-Rajajinagar,Bangalore,Rajajaji Nagar Bangalore
Kundan Electronics-Hbr Layout,Bangalore,Hbr Layout Bangalore
Kundan Electronics-Yelahanka,Bangalore,Yehlanka Bangalore
K R Electronics,Bangalore,No 20 Om Shiva Shakthi Nagar Chunchgatta Main Road Konanakunte Bangalore 560062
Swan Enterprises,Bangalore,No 42 8 Gemini Textile Industries Hesaragatta Main Road T Dasarahalli Bangalore Bangalore 560057
Happy Home Appliances,Bangalore,No 2 2Nd Cross K V Ramanna Block J B Kaval Nandini Layout Bangalore 560096
Sri Manjunatha Electronics,Bangalore,No 1 G Flr 1102 N 1107 S C Rd  Yeshwanthpur Bangalore 560022
Prakash Electronics-Tumkur Road,Bangalore,1St Main Road Gorguntepallya Tumkur Road  Bangalore 560022
Apr Electronics,Bangalore,No 93 2 1St Floor Kalikamba Complex Singasandra  Village Near Skoda Showroom Begur Bangalore 560068
Uday Electronics,Bangalore,N0 2A Nd3 1St Floor Kanakapura A Main Road Kaggalipura Bangal Bangalore 560082
Kundan Electroniks,Bangalore,No 266 Shop No 1  2 Magadi Main Road  Sunkadakatte Bangalore Bangalore 560091
Arihanth Enterprises,Bangalore,Sunkadakatte Vishvaneedam Post Bus Stop Magadi  Main Road Bangalore Bangalore 560091
Baron Electronics Pvt Ltd,Bangalore,No 95 A Electronics City Opp Trafic Police Station Begur Hobli Bangalore 560100
Sri Lakshmi Balaji Home Appliances,Bangalore,No 139 220 4Th Cross Hanumantharayanapalya Magadi  Main Road Srigandadakavalu Vishwaneedam Post  Bangalore 560091
Yashhas Electronics,Bangalore,Mudlapalya Circle Nagarabavi Main Road Mudlupalya Bangalore 560072
Atchaya Electronics,Bangalore,No  3/4 3Rd Cross Begur Main R Oad Hongasandra Bommanahalli Bangalore 560068 Bangalore 560068
Ambica Electronics,Bangalore,"142-C,Swaminarayan Nagar, New  Vhhani Raod, Vadodara-390002 Baroda 390002"
Ramesh Electronics,Bangalore,No 37/125 Rf Tower Jp Nagar 1S T Phase Kanakapura Main Road Off Subrigister Office Bangalore 560078 Bangalore 560078
Pankaj Electronics,Bangalore,No 48/2 50Feet Road Opp Kumara Swamy Tempal Hanumanthnagar Bangalore 560019 Bangalore 560019
Pooja Electronics And Telecom,Bangalore,Pooja Complex No 375/1 Old Mad Aras Road Kr Puram Bangalore 560036 Bangalore 560036
Chaitrashree Electronics,Bangalore,No 14 18Th Main 18Th Cross Nea R Kidney Hospetal Padmanabhanagar Bangalore 560070 Bangalore 560070
Shiva Enterprises,Bangalore,21 80 Feet Ring Rd Jnajyothi Nagar Opp Bangalore University Bengaluru  560056
Labh Electronics,Baroda,"7 To 10 Shivalik Complex, Opp. Bharucha Hospital & Vidhayavihar School,Subhanpura, Gorwa Raod,Vadodara-390023 Baroda 390023"
Hetal Electronics - Dandiabazar - ,Baroda,"Apsara Building,Dandia Bazar,V Adodara-390001.Land Mark-Opp Dalsion Show Roon Baroda 390001"
Ambica Electronics,Baroda,"142-C,Swaminarayan Nagar, New  Vhhani Raod, Vadodara-390002 Baroda 390002"
Hetal Electronics-Waghodia Road - ,Baroda,"Apsara Building,Dandia Bazar,V Adodara-390001.Land Mark-Opp Dalsion Show Roon Baroda 390001"
Kalpanas Enterprise,Baroda,Kalpanas Enterprise Humayu Bui Lding Kothi Char Rasta Baroda  Baroda Baroda 390001
Radhika Appliances,Baroda,"1-2,Swaminarayan Resi Cum Plaz A No.3,Opp  Ramvatika Society, Poonam Complex Road,Waghodia Road-390019 Baroda 390019"
Shree Dhareshwar Electronics,Baroda,94 95 96 97 Vimalnath Complex  H T Road Subhanpura Baroda Baroda 390023
Mayur Home Appliances,Baroda,"Khothi Char Rasta, Raopura,Vad Odara-390001 Baroda 390001"
Shri Silver Enterprise - Fatehgunj -  ,Baroda,"Silver Bell Complex,Opp Sbi Bn Ak,,Opp. Ward Office No.7,Fatehgunj Main Raod,Vadodara-390002 Baroda 390002"
Shri Silver Enterprise -Akota - ,Baroda,"Silver Bell Complex,Opp Sbi Bn Ak,,Opp. Ward Office No.7,Fatehgunj Main Raod,Vadodara-390002 Baroda 390002"
Maruti Electronics Baroda,Baroda,"12/13 Sai Samarth Complex,Nr M Muthoot Finance,Maneja Crossin Vadodara-390013 390013"
R A Electronics Pvt Ltd - Op Road - ,Baroda,Co Op House Old Padra Road  Akota Nr Manisha Char Rasta Vadodara 390020
R A Electronics Pvt Ltd - Kothi - ,Baroda,Co Op House Old Padra Road  Akota Nr Manisha Char Rasta Vadodara 390020
Sales India Pvt Ltd Vip Road Baroda,Baroda,Vip Road Baroda
Sales India Pvt Ltd Op Road Baroda,Baroda,Op Road Baroda
Sales India Pvt Ltd Manjalpur,Baroda,Manjalpur Baroda
Sales India Pvt Ltd Waghodia,Baroda,Waghodia Baroda
Sales India Pvt Ltd Gotri Road,Baroda,Gotri Road Baroda
Amsa Vision-Kolathur,Chennai,Kolathur Chennai
Amsa Vision-Ambathur,Chennai,Ambathur Chennai
Amsa Vision-Perambur,Chennai,Perambur Chennai
Vetri Home Appliances-T Nagar,Chennai,T Nagar Chennai
Sathya Agencies Pvt Ltd West Tambaram,Chennai, West Tambaram Chennai
Sathya Agencies Pvt Ltd Vadapalani,Chennai, Vadapalani Chennai
Sathya Agencies Pvt Ltd Kolathur,Chennai, Kolathur Chennai
Sathya Agencies Pvt Ltd Arumpakkam,Chennai, Arumpakkam Chennai
Sathya Agencies Pvt Ltd Madippakkam,Chennai, Madippakkam Chennai
Amsa Vision-Kolathur1,Chennai,Kolathur1 Chennai
Store Name,Location,Address
Amsa Vision,Chennai, 2Amsa Vision  168  Gnt Road  Redhills   Chennai  Chennai 600052
Sathya Agencies Pvt Ltd,Chennai, Chennai
Vetri Home Appliances-Purasawalkam,Chennai,Puraswalkam Chennai
Sathya Agencies Pvt Ltd Guduvanchearry,Chennai, Guduvanchearry Chennai
Sathya Agencies Pvt Ltd Thiruvanmaiyur,Chennai, Thiruvanmaiyur Chennai
Vetri Home Appliances-Srm Collage,Chennai,Srm Collage
Sathya Agencies Pvt Ltd Purasaiwakkam,Chennai, Purasaiwakkam Chennai
Sathya Agencies Pvt Ltd Parithipet,Chennai, Parithipet Chennai
Sathya Agencies Pvt Ltd Porur,Chennai, Porur Chennai
Sathya Agencies Pvt Ltd Kumananchavadi,Chennai, Kumananchavadi Chennai
Sathya Agencies Pvt Ltd Alappakkam,Chennai, Alappakkam Chennai
Amsa Vision-Redhils,Chennai,Redhils Chennai
Sathya Agencies Pvt Ltd Villivakkam,Chennai, Villivakkam Chennai
Sathya Agencies Pvt Ltd T.Nagar,Chennai, T.Nagar Chennai
Amsa Vision-Kk Nagar West,Chennai,Kk Nagar West Chennai
Amsa Vision-Old Washermenpet,Chennai,Washermanpet Chennai
Vetri Home Appliances-Velachery,Chennai,Velachary Chennai
Vetri Home Appliances-Kilpauk,Chennai,Kilpauk Chennai
Sathya Agencies Pvt Ltd Medavakkam,Chennai, Medavakkam Chennai
Vetri Home Appliances-Honda Car Show Room,Chennai,Neat Honda Showroom Porur
Sathya Agencies Pvt Ltd Moulivakkam,Chennai, Moulivakkam Chennai
Vetri Home Appliances-Arcot Road Porur,Chennai,Porur Chennai
Sathya Agencies Pvt Ltd Perunkudi,Chennai, Perunkudi Chennai
Sathya Agencies Pvt Ltd Old Washerment,Chennai, Old Washerment Chennai
Jr Homes,Chennai,"No.59, Th.Road , Rajakadai , Thiruvottiyur , Chennai -19"
Sathya Agencies Pvt Ltd Thiruvotriyur,Chennai, Thiruvotriyur Chennai
Sathya Agencies Pvt Ltd Velachery,Chennai, Velachery Chennai
Sathya Agencies Pvt Ltd Redhils,Chennai, Redhils Chennai
Vasanth & Co_8 A T.Nagar,Chennai,8 A T.Nagar Chennai
Vasanth & Co_45 T.Nagar,Chennai,45 T.Nagar Chennai
Vasanth & Co_North Usman Road,Chennai,North Usman Road Chennai
Vasanth & Co_Purasawalkam,Chennai,Purasaiwakkam Chennai
Vasanth & Co_Tambaram,Chennai,Tambaram Chennai
Vasanth & Co_Padi,Chennai,Padi Chennai
Vasanth & Co_Royapuram,Chennai,Royapuram Chennai
Vasanth & Co_Washermanpet,Chennai,Washermanpet Chennai
Vasanth & Co_Adyar,Chennai,Adayar Chennai
Vasanth & Co_Mylapore,Chennai,Mylapore Chennai
Vasanth & Co_Velacherry,Chennai,Velachery Chennai
Vasanth & Co_Choolaimedu,Chennai,Choolaimedu Chennai
Vasanth & Co_Porur,Chennai,Porur Chennai
Vasanth & Co_Nanganallur,Chennai,Nanganallur Chennai
Vasanth & Co_Saidapet,Chennai,Saidapet Chennai
Vasanth & Co_Ullagaram,Chennai,Ullagaram Chennai
Vasanth & Co_Little Mount,Chennai,Little Mount Chennai
Store Name,Location,Address
Vasanth & Co_50 T.Nagar,Chennai,50 T.Nagar Chennai
Vasanth & Co_Kolathur,Chennai,Kolathur Chennai
Vasanth & Co_Tambaram-2,Chennai,Tambaram 2 Chennai
Sharptronics-Ambathur,Chennai,"Ti Cycle Company Roadnear Canara Bank Bus Stop,Ambatturchennai - 600116"
Sharptronics-Anna Nagar,Chennai,"No-64,Q Block,3Rd Avenuenear K4 Police Stationchenna1- 40"
Sharptronics-West Tambaram,Chennai,"Door No.269 (Old No.27),Mudichur Road,West Tambaramchennai-600045"
Sharptronics-Velachery,Chennai,"Sharptronics - Velachery Tharamani, 100 Ft Road Velachery."
Sharptronics-Thiruvanmiyur,Chennai,"Door No- 141 , L.B Road Opp To Impcops Thiruvanmaiyur Chennai-600041"
Sharptronics-Perambur,Chennai,"New No.198/Old No.234/1,Papaer Mill Road,Near Venus Bus Stop, Perambur, Chennai-600011."
Sharptronics-Mettukuppam,Chennai,"No:28/29,Krishna Industrial Estate, Metukuppam, Vanagram, Chennai-600095"
Sharptronics-Porur,Chennai,"118 , Arcot Road,Near Porur Telephone Exchange, Porurchennai - 600116"
Tirumala Music Center Pvt Ltd-Abids,Hyderabad,5-9-189 Grd Flr Lenaine Estate Abids Hyderabad
Tirumala Music Center Pvt Ltd-As Rao Nagar,Hyderabad,Sri Raghavendra Chambers Lig B 12 Main Rd Dr As Rao Nagar Ecil Post Secunderabad
Tirumala Music Center Pvt Ltd-Begumpet,Hyderabad,D No 1-10-1 To 8 Main Rd Beside Rahul Auto Mobiles Begumpet Hyderabad
Tirumala Music Center Pvt Ltd-Kukatpally,Hyderabad,#1-2-25-2 Hydernagar Nr Mallikarjuna And Brahmaramba Theatres Kukatpally Hyderabad
Tirumala Music Center Pvt Ltd-Lb Nagar,Hyderabad,"Shop No. 7, 8 A And 9 Prajay Princeton Towers Opp R R Dist Court Lb Nagarm Hyderabad"
Tirumala Music Center Pvt Ltd-Malakpet,Hyderabad,#16-10-27-105/10  Municipal Colony Malakpet Hyderabad
Tirumala Music Center Pvt Ltd-Tolichowki,Hyderabad,"D.No.8-1-523/265, Brindavan Colony, Tolichowki, Hyderabad"
Tirumala Music Center Pvt Ltd-Kompally,Hyderabad,Plot No.120  Fortune Towers  Green Park Avenue Kompally Hyderabad
Tirumala Music Center Pvt Ltd-Vanasthalipuram,Hyderabad,H No.3-9-189 Nr Chinthala Kunta Check Post Lb Nagar Hyderabad
Tirumala Music Center Pvt Ltd-Bhel,Hyderabad,D No.22-106 Plot No.16 Sy No.212 Beside Sbi Kanukunta Ramachandrapuram Bhel  Hyderabad
Plaza Electronics And Furnitures,Mumbai,Anjali Bunglow No 71 75 Rd No Rdp 01 Nr Saibaba Temple Mumbai 400091
Bhawal Electronics Lg Shoppe,Mumbai,37 2642 Abhudaya Nagar G D Ambekar Mg Kalachowki Mumbai 400033
Bhawal Electronics Apna Bazar,Mumbai,Gr Flr Shed Apna Bazar G K Road Naigaon Dadar East Mumbai 400014
Bhawal Electronics Shetye Market,Mumbai,Shp No 1 7B Shetye Market Parel Bhoiwada Mumbai 400012
R R Electronics,Mumbai,Shop No 1 Shetye Market Bldg G K Road Parel Bhoiwada Mumbai 400012
Bhawal Applances,Mumbai,Shp No 1 7B Shetye Market Parel Bhoiwada Mumbai 400012
Fair Vision,Mumbai,Shop No 3 4 5 Burjour Baugh Next To Dena Bank Lbs Marg Mumbai 400078
Fair Trading Company,Mumbai,2 Gautam Udyog Bhawan Lbs Marg Bhandup West Mumbai 400078
Durga Electronics,Mumbai,7 Shanti Bhuvan Main Lkasturba Road Borivali East Mumbai 400066
Sanjay Sales,Mumbai,Sukhar Manilala Chawl Koldongri Sahar Rd Andheri East Mumbai 400069
New Electro Planet,Mumbai,4 Plot No 1 18 Ashwamedh Chs Gorai 1 Borivali West Mumbai 400091
Shree Ameet Electronics Vartak Nagar,Mumbai,Police Line Road Opp Bldg No 43 Vartak Nagar Naka Thane West Mumbai 400606
Shree Shankar Electronics,Mumbai,Shop No 4 Swapnvan Housing Society Lokmanya Nagar Rd No 22 Thane West Mumbai 400606
New Shiv Shraddha Enterprises Luis Wadi,Mumbai,Shop No 2 Mere Sai Anand Apartment Kaju Wadi Luiswadi Thane Mumbai 400604
Mahadev Sales,Mumbai,Opp Civil Hospital Corner Tembhi Naka Thane West Mumbai 400601
Prince Electronics,Mumbai,Meghalya Shopping Center Station Rd Kalwa Thane West Mumbai 400605
Friends Tv Center,Mumbai,Shop No 5 Shubham Apt Fish Market Gaodevi Maidan Off Station Road Gaodevi Kalwa West Mumbai 400605
A To Z Electronics,Mumbai,6 Anita Shopping Center Opp Parag School Jangal Mangal Road Bhandup West Mumbai 400078
Jitendra Electronics,Mumbai,Shop No 13 Ganga Niwas Village Road  Bhandup West Mumbai 400078
Pravin Electronics,Mumbai,Shop No 5 Guru Ramdas Market Village Rd Bhandup West Mumbai 400078
Meghdoot Electrovision,Mumbai,A 1 Dharmodaya Apt Jivdaya Lane Ghatkopar West Mumbai 400086
Shubham Electronics,Mumbai,Shop No 3 Trimurti Arcade Near Sarvoday Hospital Lbs Marg Ghatkopar West Mumbai 400086
Friends Electronics,Mumbai,Nr Alok Hotel Naik Wadi Opp Mcdonalds Ghokhale Road Naupada Thane West Mumbai 400602
Super Electronics Bhayander  East,Mumbai, 3 Santokbai Chawl Main Kasturba Rd Borivali West   Mumbai 400066
Vighnahar Electronics,Mumbai,Shop No 3 Plot No A11 Sector 9 Darpan Apt Airoli Navi Mumbai  Mumbai 400708
Ashokraaj Enterprises,Mumbai,"Shop No 6 Krishna Nilla Apt, B P Rd Opp Dena Bank Bhayander East Thane Thane 401105"
Yash Electronics,Mumbai,Shop No 10 Yash Residency Sector 6 Near Bank  Of Baroda Airoli Navi Mumbai  Thane 400708
Mandhar Electronics,Mumbai,Shop No 08 M Baria Estate Kargil Nagar Manvelpada Road Virar East Thane 401303
New Siddheshwar Electronics,Mumbai,Shop No 5 Plot No.220 Sec 5  Shree Swami Apt Charkop Kandivali West Mumbai 400067
Metro Sales,Mumbai,Shop No1 Gurukrupa Bldg 1St Cross Road  Mamlatdarwadi Malad West Mumbai 400064
Plaza Electronics Charkop Kesar,Mumbai,Shop C 7 Charkop Keasar Chsl Plot No 239 Rdp 6 Opp Bhagwati Hotel Kandivali West Mumbai - 400067
Sai Pooja Electronics,Mumbai,Shop No 6 Shanti Niwas Hsg Soc Ganesh Chowk Kisan Nagar No 2 Thane West Thane 400604
Saptashrungi Electronics Nx,Mumbai,04Matoshrin Apt Tisgaon Naka Pune Ink Road Kalyan East Thane 421306
Snehanjali Electronics Trading-Malad,Mumbai,Malad Mumbai
Arjun Electronics,Mumbai,Shop No 4 Saileela Chl Committee Hanuman Nagar  Akurli Rd Kandivali E Mumbai 400101
Shree Sai Shraddha Electronics,Mumbai,Shop No 1 Opp Shani Mandir Near Rachana Park Manorama Nagar Dhokali Kolshet Rd Thane West Thane 400607
Rana Sales,Mumbai,Shop No 1 And 2 Vimal Apt Of India Navghar Vasai West  Thane 401202
Swaraj Electronics,Mumbai,Shop No 30 Lodha Heaven Shoppi Ing Center Dombivli East 42120 Thane 421204
Jk Electronics And Appliances Pvt Ltd,Mumbai,Shop No 12 Patil Bhoir Apt Shahid Bhagat Road Opp Kdmc Office Dombivli East Thane 421201
Digi 1-Virar West,Mumbai,1 Bonanza Arcade Sv Rd Ambivli Opp Amboli Railway Gate Andheri West  Mumbai 400058
Praxis Home Retail Limited,Mumbai,Jolly Board Tower D Ithink Techno Campus Ground Floor Kanjurmarg East  Thane 400024
Arora Electrovision,Mumbai,Plot No 17 Blg No C 303 Shraddha Chsl Sankalp Sahaniwas Gen Ak Vaidya Marg Near It Park Goregaon East Mumbai 400065
New Mahalakshmi Electronics,Mumbai,Gondhlekar Chawl Kantilal Comp Pound Jijamata Marg Andheri Ea Mumbai 400093
Manu Music House,Mumbai,33 2 Sarvodaya Estate Off Flyover Near Chembur  Monorail Station Rc Marg Chembur East Mumbai 400071
Ambika Distrribbutors,Mumbai,Shop No 13 Nav Arpan Co So Shri Ambika  Nagar Mg Rd Dombivli West Thane 421202
Shivshakti Electronics,Mumbai,Shop No C 27 Bhaidaya Nagar Navghar Road Bhayandar East Thane Thane 401105
Sunny Electronics,Mumbai,Room No 6 Plot No 9 Kajal Foot T Ware A Kandivali East Mumbai Mumbai 400101
Sb Electronics,Mumbai,1 St Floor Radha Apt Nss Road Near Saibaba Mandir Opp Gopi Cenimall Dombivli West Thane 421202
Johnson Electronics,Mumbai,Shop No. 2 And 3 Deewan Shopping Centre Navaghar Vasai West Opp Union Bank 401202 Dist- Palghar Taluka- Vasai
Rahul Electronics Pvt Ltd,Mumbai,D 2 Kumud Nagar S V Road Near Cinmax Cinema Goregaon West  Mumbai 400064
Rahul Electronics Pvt Ltd Malad East,Mumbai,D 2 Kumud Nagar S V Road Near Cinmax Cinema Goregaon West  Mumbai 400064
Super Electronics Borivali East,Mumbai, 3 Santokbai Chawl Main Kasturba Rd Borivali West   Mumbai 400066
Shreeji Electronics,Mumbai,Shop No 1 2 Shardha Chs Sector No 3 Plot No 231 Charkop Kandivali W Mumbai 400067
Sai Tv Centre,Mumbai,A Block 79 158 Kurla Camp  Ulhasnagar 4 Thane 421004
Kartik Enterprises,Mumbai,Shop No 4 And 5 Vasant Kunj Mg Road Opp Brijwasi And Ram Jewellers Mulund West Mumbai - 400080
Mettro Electronics,Mumbai,1 12 Shroff Bldg Gokhale Rd  Mumbai 400025
Bhoomi Electronics,Mumbai,7 Shanti Bhuvan Main Lkasturba Road Borivali East Mumbai 400066
Plaza Electronics_Aparna Apt,Mumbai,4 Aparana Apt Sect 3 Charkop Kandivali West Mumbai 400067
Plaza Electronics Pooja Enclave,Mumbai,Shop No 23 Pooja Emvlave Opp Ganesh Nagar Link Road Kandivali West  Mumbai - 400067
Nandi Electronics,Mumbai,9 10 Modi Chawl Ambewadi Kalachowki Parel Tank Rd Cotton Green West Mumbai 400033
Embassy Electronics,Mumbai,Ashokdeep  Bldng Shop N 03 N G Acharya Marg Chembu  Mumbai 400071
Bhawal Tv Centre,Mumbai,37 2642 Abhudaya Nagar G D Ambekar Mg Kalachowki Mumbai 400033
Usha Agencies-Diva,Mumbai,Shop No 7 Shree Sai Prasad Opp Hotel Mayurdiva Shill Road Diva East    
Shree Mahavir Electronics,Mumbai,Shop No A 20 Diamond Tower Chs Limited Near Octro  Naka Bhayander Mira Road East Thane 401107
Somaya Electronics,Mumbai,Shop No 62 Last Bus Stop Opp Jhulelal Temple Mulund Colony Mulund West Mumbai 400082
Krishna Electronics,Mumbai,Devidayal Shop No 6 Tulsi Ngr Kv Road Opp Jolly  Borad Residential Colony Kanjurmarg East Mumbai 400042
Gurunank Electronics,Mumbai,Shop No 2 Dr Cg Road Opp Jai Hind Market Near Veena Vines Chembur Camp Mumbai- 400074
Digi 1-Badlapur East,Mumbai,"Shop No 1,Dattakrupa Niwas,Ground Floor,Shivaji Chowk,Village Kulgoan, Badlapur (E), Thane."
Ashokraaj Electronics,Mumbai,"Shop No 1,2,3,4 Ibrahim Tower, Station Road, Bhayander West, Dist Thane 401 101"
Vns Electronics,Mumbai,Shop No 4 Paresh Road Opp Ajantha Electronics  Station Road Vikhroli East  Mumbai 400083
J P Electronics,Mumbai,A 3 Raj Bhavan Tilak Road Borivali West  Mumbai 400092
Deep Sales,Mumbai,Shop No 04 Ram Hazare Marg Near Shiv Sena Office Station Road Vikhroli East Mumbai- 400083
Usha Agencies-Dom,Mumbai,"Shop. No. 4/5, Matruchaya Bldg., N.S.S Road, Nr. Gopi Mall, Dombivali (W) "
Usha Electro Trade Agencies India Pvt Ltd Ulhasnagar,Mumbai,"Shop No 685, Shivaji Chowk,Ulhasnagar - 3.   "
Usha Agencies-Bw,Mumbai,"Tamboli Heights, Jadhav Colony,Nr. Rickshaw Stand, Badlapur (West). "
Digi 1-Badlapur West,Mumbai,"Shop No 1-3,Shanti Apartment, Opp: Mataji Supermarket,Near Jadhav Colony Rickshaw Stand,Badlapur Ambernath Road, Badlapur (W), Thane- 421503"
Digi 1-Bhiwandi,Mumbai,"Shop No. 1-4, 218, Ashok Complex, Lahoti Compound, Opp: Dandekar Co., Bhiwandi, Thane."
Digi 1-Jp Road,Mumbai,"3, Annapura Building, Jp Road, Andheri West,Mumbai -400058"
Alfa Enterprises,Mumbai,Shop No 8 Gangai Apt Gupte Road Dombivli West Thane 421202
Digi 1-Amboli,Mumbai,"Shop No 1, Bonanza Arcade,Amboli,Opp. Amboli Railway Crossing,Andheri (W), Mumbai- 400058"
Snehanjali Electronics Trading-Virar West New,Mumbai,Virar West Mumbai
Snehanjali Electronics Trading-Vasai East,Mumbai,"Shop No. 16, Ground Floor, Gagan Supreme Dream Complex, Wing C, Vasant Nagari, Vasai Nalasopara Link Road, Vasai Dist, Thane - 401209."
Digi 1-Nallasopara,Mumbai,"Shop No.1,Reliable Prestige Tower No.1, Chandan Naka,Achole Road, Nsp (East)"
Shree Jain Trader,Mumbai,Ground 3-4 Shringarpure House Ram Maruti Road Navpada Thane 400602
Om Sai Electronics,Mumbai,Shop 16 17 Ayodhaya Chs Sec 5 Railway Station Ghansoli Navi Mumbai Mumbai 400701
Snehanjali Electronics Trading-Mira Road,Mumbai,"Sheetal Snehanjali,Near Rasaz Maltiplax Opp: Sheetal Nagar Bus Stop,Mira Road (E), Thane"
Snehanjali Electronics Trading-Bhayander,Mumbai,"Shop No. 01, Next To Grand Hotel, Golden Nest Circle, Bhayander East "
Digi 1-Palghar,Mumbai,"Shopper'S Point, Mahim Road,Palghar (West), Thane-401404"
Sanjay Electronics,Mumbai,"Shop No.04, Sushila Apt., V.S. Marg, Kach Bunglow, Virar East, 401305"
Usha Agencies-Unr,Mumbai,"Tilson Shopping Center, Shivaji Chowk,Ulhasnagar - 3.    "
Snehanjali Electronics Trading-Naigaon,Mumbai,"Shree Laxmi Plaza, Juchandra Road, Naigaon East, Taluka - Vasai, "
Digi 1-Katrap,Mumbai,"Maharana Pratap Chowk, Katrap Road, Shirgaon, Badlapur(East), Dist. Thane- 421503"
Digi 1-Panvel,Mumbai,"Shop E/4,Euphoria Building, Plot No:14 Mcch Society, Near Shivaji, Panvel-410206"
Siddhivinayak Electronics,Mumbai,Ground Floor Shop No 29 Surya Kriti Nagar Radhika Apt Achole Rd Nallasopara East Thane 401209
Snehanjali Electronics Trading-Kandivali,Mumbai,"4, Heena Gaurav Heights, S. V. Road, Kandivali (W), Mumbai-400067."
Digi 1-Dombivali East,Mumbai,"Shop No- 1-2, Yashorama Chs, Near Rangoli Hotel, Dr.R.P. Road, Tilak Nagar,Char Rasta,Dombivali (East), Thane."
Shri Shiv Darshan Electronics,Mumbai,Shop No 2 Dhanagar Niwas Opp Khevara House Near T.M.C School Chitalsar Manpada Thane West 400607
S Mohan Enterprises,Mumbai,Sterling Apt Shop No 2 Opp Union Bank  Netaji Road Ulhasnagar 4 Thane 421004
Shree Ganesh Electronics-Thane,Mumbai,Shop No 186 Shivaji Nagar Near Sai Baba Temple G.B. Road Chitaisar Manpada Thane West 400607
Hreenkar Electronics,Mumbai,131415 Shroff Bdlg No 2 Gokhale Road  Mumbai 400025
Mayur Electronics,Mumbai,Shop No 14 Kailash Mahal Vallabh Baug Lane Ghatkopar East Mumbai 400077
Riddhi Siddhi Electronics - Nallasopara East,Mumbai,Shop No 5 Hiral Chs Achole Road Near Dwarka Hotel Majethia Park Nallasopara East Thane 401209
Kirti Radio And Television Centre,Mumbai,2Shilpayan Building Shivaji Path Thane West  Thane 400601
Supreme Enterprises,Mumbai,"Shop No 2, Sai Ridhi Comp, Opp P Post Office, Mira Road East, Thane 401107"
Shreekrupa Electronics,Mumbai,12 Om Adinath Chs Ramchandra Nagar 1 Near Nitin Company Waghle Estate  Thane 400604
Sam Appliances And Electronics,Mumbai,Arihant Aprt Shop No 1 2 Agyari Lane Jambli Naka Thane West Mumbai 400601
Arcee Electronics,Mumbai,Chadda Crascent Sector 17 Vashi Navi Mumbai 400705
Virani Electronics,Mumbai,9 Jai Laxmi Narayan Chs Ltd Near Railway Station  Opp Prashant Hotel Lt Road Mulund East Mumbai 400081
Bharat Electronics,Mumbai,Shop No 9 Hansa Villa Opp Murugan Temple Jn Road Mulund West Mumbai 400080
Vijay Sales - Goregaon East,Mumbai,Sc Wp L Cts No 220 16 17 Cts No 511 9 11 Vijay Sales House Vs House Mtnl Office Jogeshwari West  Mumbai 400102
Snehanjali Electronics Trading-Virar Manvel Pada,Mumbai,"Shop No. 1, M Baria Space, Bldg. No. 1, Manvel Pada, Virar East"
Digi 1-Mira Road,Mumbai,"Ground Floor, Marble & Grinite, Opp: Sai Petrol Pump, Bhayander (East), Thane-401105"
Digi 1-Boisar,Mumbai,"Firdosh Building, Nextto Dena Bank, Opp. Boisar Railway Station(West) Taluka & Dist. Palghar,Boisar 401501"
Digi 1-Ulhasnagar East,Mumbai,"Shop No 54, Opp. Canara Bank, Sec 25, Vinus Talkies Road, Ulhasnagar (East) 421001"
Snehanjali Electronics Trading-Nalasopara,Mumbai,"Tania Plaza, Station Road, Opp East West Fly Over, Nallasopara (W),"
Usha Sewing Machine Agency,Mumbai,Kalyan Ambernath Road Near Shivaji Chowkopp R.K.T College Ulhasnagar-421003   
Digi 1-Ulhasnagar West,Mumbai,"Shop No 421, 657-676, U.No.3-9, Sheet No 26,Section 5 & 6, Shivaji Chowk, Ulhasnagar- Thane-421003"
Snehanjali Electronics Trading-Ulhasnagar,Mumbai,Ulhasnagar Thane
Digi 1-Bhayandar West,Mumbai,"G 12/13, Maxus Mall,Temba Road, Bhayandar (W), Dist-Thane-401101"
Digi 1-Titwala,Mumbai,"Shop No-3, Mayuresh Nagar, Ganpati Mandir Road, Titwala East-421605. Dist. Thane"
Usha Agencies-Amb,Mumbai,"Shop No.1/2, Joy Hub Complex, Opp. Nagarpalika, Station Road, "
Usha Agencies Kalyan East,Mumbai,"Near-Prasad Hotel,Teesgaonkar,Puna Link Road,Kalyan East-421306"
Snehanjali Electronics Trading-Thane,Mumbai,"Orion Business Park , Chitalsar Manpada Nr Wonder Mall Thane(W)"
Vijay Sales - Borivali,Mumbai,Sc Wp L Cts No 220 16 17 Cts No 511 9 11 Vijay Sales House Vs House Mtnl Office Jogeshwari West  Mumbai 400102
Usha Agencies-Kyn W,Mumbai,"Shop No. 3/4, Sai Vihar, New Station Road,Shivaji Peth, Kalyan (West)    "
Snehanjali Electronics Trading Virar - West,Mumbai,"Shop No.3,  Ground Floor, Sai Ratna, Agashi Road, Virar (West), "
Digi 1-Kalyan East,Mumbai,"Vitthal Wadi,Vijay Nagar, Kalyan (East), Thane-421306"
Digi 1-Virar East,Mumbai,"Kamal Plaza, Kamal Park, Vs Road,Chandansar Road, Gopchar Pada,Next To Father Agnel School,Virar (East)"
Vijay Sales - Prabhadevi,Mumbai,Prabhadevi Dadar Mumbai
Usha Agencies-Unr -4,Mumbai,Shop No 388 Section 25 Main Bazar Nr B.K Daignostic Ulhasnagar-421004  
Anil Audio Video Distributors Private Limited,Mumbai,S No 4 And 14 Savla Sadan Rc Marg Chembur  Mumbai Mumbai 400071
Usha Agencies-Kmr,Mumbai,"Shop No.9/10, Annuapurna Apt.,Opp. Godbole Hospital, Kalyan Murbad Road,"
Snehanjali Electronics Trading Virar -East,Mumbai,"1-5 Puspa Plaza, Opp Railway Station, Manvelpada Road, Virar East,"
Digi 1-Kalyan West,Mumbai,"Shreedhar Palace, Murbad Road.Opp. Roshan Petrol Pump, Kalyan(West), Thane-421304"
Usha Agencies-Titwala,Mumbai,Titwala Thane
Nanda Electronics,Mumbai,Ss 1 Shop No 24 25 26 Sector 2  Koparkhairane Navi Mumbai Mumbai 400709
Digi 1-Gansoli,Mumbai,"Shop No 7, Shree Manoshi Complex, Sector-3, Opp. Railway Station,Ghansoli, Navi Mumbai-400701"
Snehanjali Electronics Trading-Boisar,Mumbai,"Snehanjali Point, Navapur Road,Opp:Brijwasi Sweet, Boisar (W),"
Digi 1-Bhayandar East,Mumbai,"Shop No. 2-4, Anand Industrial Chs Ltd,Navghar Road, Thane 401105"
Digi 1-Malad,Mumbai,"1-Trishul Chs, S.V.Road, Malad (West), Mumbai- 400097 "
Usha Agencies Pride,Mumbai,Mumbai
Omega Electronics,Mumbai,Jetharam Bhavan Chandavarkar Lane Borivali West Mumbai 400092
Aastha Electronics,Mumbai,Shop No 7 Hardik Chs Pada Road Virar East Rani Talao Manvel Thane 401303
Rajiv Electronics,Mumbai,Regent Cinema Section 17 Shop 753 Ulhasnagar  Thane 421003
Bhawani Electronics,Mumbai,Shop No 2 Rahabai Apt Road Nallasopara East Lucky Manzil Achole Thane 401209
Shree Maroo Electronics Kitchen,Mumbai,Shop No 5 Sejal Apt Subhash Rd Dombivli W  Thane 421202
National Electrovision,Mumbai,Shop No 26 Dronagiri Apt Virar East Mannelpada Road Thane 401303
Riddhi Siddhi Electronics Nallasopara West,Mumbai,Shop No 5 Hiral Chs Achole Road Near Dwarka Hotel Majethia Park Nallasopara East Thane 401209
Shree Sai Electronics,Mumbai,No 1 Rbi Goutham Society Kothn Ur Main Road Near T R Hospital J P Nagar 7Th Phase 560076 Bangalore 560076
Usha Mohan Agencies Unr,Mumbai,Ulhanagar
Kohinoor Electronics-Dadar,Mumbai,"182, Haji Habib Building. Opp. Fire Brigade, Dr. B.A Road Dadar (E) Mumbai - 400014"
Kohinoor Electronics-Thane,Mumbai,"Malhaar Theatre, Opp Telephopne Exchange, Gokhale Road, Thane(W)- 400602"
Kohinoor Electronics-Lamington Road,Mumbai,"53, Rajesh Building , Opp Lamington Rd Police Station, Mumbai 400007"
Kohinoor Electronics-Vashi,Mumbai,"Shop No. 1 To 7, Pranav Chs., Plot No. 15, Sector 9, Vashi, Nr. Bus Depot, Navi Mumbai - 400705"
Kohinoor Electronics-Palmbeach Vashi,Mumbai,"Shop 02 ,Satra Plaza,Plot 19 & 20, Sector 19D,Palm Beach Road, Vashi,Navi Mumbai -400703."
Kohinoor Electronics-Godbunder Rd Thane,Mumbai,"Orien Business Park, Shop No. 5 & 6, Next To Cine Wonder Mall, Thane Ghodbunder Thane-400607"
Kohinoor Electronics-Andheri,Mumbai,"Shop No 1, Fortune Terrace, New Link Road, Opp. Citi Mall Andheri (W) Mumbai - 400058"
Kohinoor Electronics-Santacruz,Mumbai,"Kamla Spaces, Showroom No 2, Near Kheera Nagar, S.V. Road Santacruz (W) Mumbai-400054"
Kohinoor Electronics-Kandivali,Mumbai,"340, Mahalaxmi Centre, Sv Road, Opp. Balbharti School, Kandivli (W) , Mumbai - 4000067"
Kohinoor Electronics-Malad,Mumbai,"2A, Ground Floor, Biulding. 'M' Palm Court Complex, Malad Link Road Malad (W)Mumbai-400064"
Kohinoor Electronics-Mulund,Mumbai,"Neptune Color Scape, Shop No.G-104-A, Nr Croma Showroom, Dumping Road, Nr Bus Depot, Mulund Check Naka, Mulund (W), Mumbai-400080"
Kohinoor Electronics-Vasai,Mumbai,"Homage Bhavan, Bldg No.02, Ground Floor,Bhabola,Vasai(W),Thane - 401202"
Kohinoor Electronics-Mira Road,Mumbai,"Shop No 2, Ground Floor, Kshitij Apartment, Mira-Bhayander Road, Bhayander-E 401105"
Kohinoor Electronics-Nalasopara,Mumbai,"Sumangal Bldg, Shop No. 89, Nilemore, Near Axis Bank Ltd, Shri Prashta Corner, Main Road, Nallasopara (W), Thane 401203"
Kohinoor Electronics-Kharghar,Mumbai,"Shop No. 48, Patel Heritage, Sector 7, Kharghar, Navi Mumbai 410210"
Kohinoor Electronics-Chembur,Mumbai,"Shop No 1,2,3,9,10 Bhoj Mahal, ’C’ Building, Plot No 18, V N Purav Marg, Chembur, Mumbai 400071"
Kohinoor Electronics-Ulhas Nagar,Mumbai,"Shop No. 710, 712, 711A, 731; Ground Floor , Glamour Hotel,  Kalyan-Ambernath Road, Ulhasnagar Camp No. 3, Pin Code – 421003,  "
Kohinoor Electronics-Virar,Mumbai,"Shop 10 & Office No. 12 To 20, Bldg No. 9, M Baria Twin Tower, Virar (W)-401303"
Kohinoor Electronics-Opera House,Mumbai,"Shop No. 5, Nuseer House, Parmanand Marg, Opera House, Mumbai - 400 007"
Kohinoor Electronics-Panvel,Mumbai,"Shree Sahayya Ozone, Plot No. 163, Mcch Society, Near Hotel Suruchi, Near S. T. Depot, Panvel, Navi Mumbai 410209"
Digi1-Ambernath East,Mumbai,1 Bonanza Arcade Sv Rd Ambivli Opp Amboli Railway Gate Andheri West  Mumbai 400058
Furniture House,Mumbai,Shop No.3 Snow White Chsl Nr Golden Nest  Ph Iii Mira Bharayandar Rd Bhayandar E Thane 401107
Furniture Zone,Mumbai,1St And 2Nd Floor Leena Height Opposite Thunga Hospital Mira Bhayander Road Thane 401107
Designo Furniture,Mumbai,Shop No 16 Shatrunjay Bldg Nr Uco Bank New Girnar Bldg Nalasopara West Mumbai 401203
Arcee Electronics -Alibaugarcee Electronics -Alibaug,Mumbai,"Shop Bo 1 & 2 , Shankar Palace , Opposite Water Tank,Alibaug , Raigad, Pin 402201"
Arcee Electronics -Cbd Belapur,Mumbai,"9/10/13,Mahavir Rachna Chs,Sector-15, Plot No.54,Cbd Belapur,Navi Mumbai Pin Code-400614  "
Arcee Electronics -Dombivali,Mumbai,"Sonal Business Park,Plot No-Rp137,At- Midc ,Gharda Circle, Dombivali (E)-421201"
Arcee Electronics -Ghansoli,Mumbai,"Shop No- 8,9,10, Calista Bldg,Opp D'Mart Store, Plot No- 15, Sector-8,Ghansoli. Navi Mumbai 400 701"
Arcee Electronics -Kalamboli,Mumbai,"Shop No- 3&4 , Amarante , Plot No-4, Sector-9E, Next To Dmart , Kalamboli,Navi Mumbai 400 218"
Arcee Electronics -Kamothe,Mumbai,"Mhalsa Residency , Shop No- 5/6, Plot No-6, Sector-36 , Kamothe-410209"
Arcee Electronics -Karjat,Mumbai,"Manas Complex, Shop No- 14,15,16,17, Near Patiyala Bank,Bazar Peth Road, Tal- Karjat, Dist- Raigad"
Arcee Electronics -Kharghar,Mumbai,"Shop No.5-10,Sai Swar , Plot No.20,Sectron-2,Kharghar Navi Mumbai-410210"
Arcee Electronics -Khopoli,Mumbai,"Pelia Industries , Plot No- 66, The Khopoli Co-Op Estate Ltd, Mulgaon,Tal- Khalapur, Dist- Raigad Pin -410203 "
Arcee Electronics -Mulund,Mumbai,"G 102, Flying Colors Premises Co Operative Society Ltd,Dindayal Upadhya Marg, Adjacent To Mulund Check Naka,Bus Depot Mulund West Mumbai 400081."
Arcee Electronics -Nashik- College Road,Mumbai,"Shop No-13A, Survey No-726, S.K.Mall,College Road, Nashik , Pin 422005"
Arcee Electronics -Nashik -Panchvati,Mumbai,"Shop No- G12, G13, G14, G15, Survey No-184,Shree Harikrushna Plaza, Hirawadi Road,Panchwati, Nashik Pin 422005"
Arcee Electronics -Nashik Road,Mumbai,"Shop No- 11 ,Star Zone Mall, Pune Nashik Road,Near Passport Office , Nashik Pin 422101"
Arcee Electronics -Nerul,Mumbai,"F2/6, Akarshanbldg. Opp Railway Station,Sector – 15, Nerul(E),Navi Mumbai 400 706 "
Arcee Electronics -New Airoli,Mumbai,"Signia Oceans, Shop No-7, Sector-10A, Next To D'Mart , Airoli, Navi Mumbai 400 708"
Arcee Electronics -Palm Beach Galleria,Mumbai,"Unit No- 16 And 16, Palm Beach Galleria , Sector-19D, Vashi , Navi Mumbai 400 705"
Arcee Electronics -Panvel,Mumbai,"Vasant Smruti Bldg ,Near Mtnl,Opp.Durga Mata Mandir,Old Panvel-410206"
Arcee Electronics -Pen,Mumbai,"Unique Bhavan,Kadu Marg,Near 18Mtr.D.P.Road,Opp Raigad Bazar, Chinchpada, Pen, Dist.Raigad 402107"
Arcee Electronics -Roha,Mumbai,"Hotel Miraj, Opp Raikar Park, Roha Kolad Road, Near Roha Nagar Parishad"
Arcee Electronics -Uran,Mumbai,"Raj Arcade Co-Op Society , Shop No-7, Uran Mora Road, Near Vaisnavi Hotel,Uran Navi Mumbai 400 702"
Arcee Electronics -Vashi,Mumbai,"Sector -17,Shop No.27/28/29/36/37/38  Chadda Crescent,Vashi, Navi Mumbai-400705 "
Sai Electronics And Appliances,Mumbai,Shop No 10 Sainagar Near Lokmanya Tilak Nallasopara East Thane  401209
Kala Electronics,Mumbai,Shop No 14 Mirja Shopping Centre Opp Railway Station Virar East Thane  401305
Shubhansh Electronics,Mumbai,Shop No 16 Blue Skyline Chs  Swastik Skyline Phool Pada Rd Virar East Thane  401303
Sai Ganesh Electronics,Mumbai,Shop No 2 Srinath Apartment  Goddeonaka Bhayander East Thane  401105
Kunal Interior,Mumbai,Shop No 23 Ashok Van Vasant Karishma Comp Ambadi Rd Manav Mandir Complex Vasai Rd-W Thane  401202
Mahavir Enterprises,Mumbai,Shop 23 Sai Ashirwad Bldg Nr Us English High School 90 Ft Road Oswal Ngr Nallasopara Thane 401209
Anjali Modular And Furniture,Mumbai,Ground Floor Shop No 15 Misquita Nagar C S Road Dahisar East Mumbai  400068
Impact Inverter,Mumbai,"Shop No-5, Kusum Vihar A Bseide Banjara Hotel Bolinj Virar West Mumbai 401303"
Vijaya Sales And Appliances,Mumbai,Navre Plaza Complex Below Dena Bank Shivmandir Road Ambarnath Thane 421201
Shabari Electronics,Mumbai,Shop No.4 Plot No.35 A Opp Nerul Railway Stn  Navi Mumbai  400706
Anmol Furniture Bazar,Mumbai,1St Flr Viva Vajreshwari Cmplx E V Super Market  Chorge Tower Phoolpada Virar Thane 401303
Vaishnavi Telesystem,Mumbai,Shop No.4 5 Shivneri Bldg  Sector 2 A Koparkhairane Navi Mumbai 400709
Mahalaxmi Companies,Mumbai,Shop No 6 Shree Park Opp Dmart Hatkesh Mira Bhayandar Road  Mira Road 401107
Sales India Pvt Ltd Palanpur,Palanpur,Palanpur
Raunak Electronics&Furniture,Pune,"S.No. 43/1A,Kokne Heights,Shop  No. 1,2,3,4,Shivaji Chawk, Rahatni,Haveli,Pune,411017 Pune 411017"
Hari Om Furnishing,Pune,Sr No 25 01 04  Kalewadi Phata A Rahatani Pimpri  Haweli  Pun Pune 411017
Sanjay Enterprises,Pune,"H.No. 225, Main Bazar, Dehu Ro Ad, Haveli,Pune,412101 Pune 412101"
Gayatri Electronics,Pune,"Shop No.9,A Wing,Kamala Cross  Road,Jwel Of Pimpri,Pcmc Bhavan Samor,Pimpri,411018 Pune 411018"
Store Name,Location,Address
Shri Rajmata Furniture,Pune,"Shri Rajmata Furniture, Near V Ishwas Hotel, Pune- Banglore Highway, Service Road, Wadgaon Bridge Pune 411041 Pune 411041"
Maharashtra Electronics Corporation,Pune,"S.N-1544A/1545A, Sadashiv Peth  Tilak Road Pune City Pune 411030 Pune 411030"
Shreya Electronics,Pune,"S No.48/2/1, Vitthal Nivas, Gy Anesh Park, Nr.Krishna Chowk,Pimple Guruv,Haveli,Pune,411061 Pune 411061"
Maharshtra Electronics Corporation Katraj,Pune,Katraj Pune
Maharshtra Electronics Corporation Camp,Pune,Camp Pune
Satguru Sales - Shivane,Pune,"Shivane Showroom, Near Shinde   Pool, Nda Road, Shivane Pune  Pune 411023"
Max Electronics And Mobile,Pune,Shivane Showroom Near Shinde Pool Nda Raod Shivane  Pune 411023
Happy House,Pune,"14A, Tikak Bhavan, Lal Bahadur R Shastri Road, Near Alka Thea Pune 411030"
Yadav Electronics,Pune,"82, St Dnyaneshwar Road, Datta A Nagar, Dutt Nagar, Parande N Pune 411015"
Mahavir Furniture,Pune,W O Ramanlal Solanki 223 Main Bazar Shivaji Road  Dehu Road Jambhulwadi Dehu Road Cantt Pune 412101
Atharva Watch And Electronics,Pune,"Sonai Complex,Dehugaon,Tal. Haveli,Pune,412109"
Dhanlaxmi Furniture,Pune,"Satyam Arcade, Shop No.7,8, Pune-Nagar Road Opp. Canara Bank, Ramwadi Bus Stop, Pune- 411 014"
Fly Wheel Cycle,Pune,Shop No 01 Satyam Archer Ramwadi Viman Nagar Near Novotel Hotel  Pune 411014
City Interiors,Pune,Sr No 137 Vadgaon Khurd Shop N O 2 3 4 Deg Complex Nanded Cit Pune 411041
Shree Rajendra Departmental Store,Pune,Mewar Blosam School 220 Anand Nagar Sanghvi         Pune 411027
Royal Electronics,Pune,38 Khodiyar Chamber Detroj Road Kadi Kadi 382715
Sukhada Furnitures,Pune,"Plot No 4, 1443 Shukrawar Peth H, Kaustubha Apts, Bajirao Roa Pune 411002"
Akash Electronics,Pune,"Shop No.6&7,Arun Plazza,Dange   Chowk,Thergaon,Haveli,Pune,41 Pune 411033"
The Cycle Cafe,Pune,"Shop No. 13, Survey No. 18/11/ /6, Nr Shivar Gardan, Rahatani Pune 411017"
Skylark Sales(Pimpri),Pune,"C1,3 Sai Chowk Pimpri  Pune 411017"
Hamara Enterprises,Pune,"S No 48,2,1 Cm Chambers Krishna Chowk Pimple Gurav Pune 411061"
R K Music Center Nigdi,Pune,"Plot No,370, S.No. 24, Nigri-Pradhikaran, Pune, 411044"
R K Music Center Chinchwad,Pune,"S.No. 201, Mumbai-Pune Road,Below Rupee Bank,Chinchwad Station, Pune,411019"
Maharshtra Electronics Corporation Hadapsar,Pune,Hadapsar Pune
Pooja Electronics And Home Appliances,Pune,S No 16 Mohite Paradise C Wing Gr Flr Hingne Khurd Pune City  Pune 411051
Maharshtra Electronics Corporation Nibm,Pune,Nibm Pune
Trinveni Electronics,Pune,S No 8 4B Satavwadi Saswad Road Opp Glading Center Hadapsar Pune 411028
Maharshtra Electronics Corporation Pcmc,Pune,"Shop No 3, Empire Estate, S.No. 4510/1, Next To Ranka Jewelers, Chinchwad, Pune - 411019"
Maharshtra Electronics Corporation Vishrantwadi,Pune,"Shop No 1, Shoppers Orbit, S.No 44/A/1, Alandi Road, Vishrantwadi, Pune - 411015."
Maharshtra Electronics Corporation Wakad,Pune,Wakad Pcmc
Pristine Kitchen Llp,Pune,"Showroom No. 2, Konark Epitome E, Near Konark Campus, Viman N Pune 411014"
Videolink Electronics And Mobile Shopee,Pune,"Shop No 1,2 And 6 Rajyog Plaza Opp Abhiruchi Mall  Trimurti Hospital Chowk Sinhgad Road Pune 411041"
Mahalaxmi Furniture,Pune,"Shop No 1 Sr No 7,2 Lane No 3 Choudhari Apartment  Jay Malhar Thergoan Pimpri Chinchwad M Corp  Pune 411017"
R P Electronics,Pune,"S No 129,3,1 Shree Datta Nivas Warje Nda Road  0 Pune 411052"
Saibaba Just Cycles,Pune,Shop No 1  Priyadarshini Apart Tments  726  Budhwar Peth  Gan Pune 411002
Bhawani Electricals And Electronics,Pune,S No 68 1 Shop No 4 Wing 1 Sidharth Complex  Sinhgad Raod Vadgaon Bk Pune 411041
Maharshtra Electronics Corporation Viman Nagar,Pune,Viman Nagar Pune
Maharashtra Electronics Corporation-Kondhwa,Pune,"Showroom - 2, Ground Floor A Wing, Aditya Business Center, Kondhwa Pune - 411048"
Modern Electronics And Appliances,Pune,38 Saraf Galli Modern Electronics New Bazar Khadki  Pune 411003
Wall To Home,Pune,Sr No 46 03 Padmavati Mandir Undri Road Pisoli    Pune 411060
Shree Ramdev Furniture,Pune,H B 8 8 Pimpri Colony Pimpri M Corp Haveli  Pune 411017
Classic Interiors,Pune,Undri Near Bishop School Hole Vasti Hadapsar  Pune 411028
S P Furniture,Pune,Group No 2557 Khandve Nagar Lohegoan  Pune 411047
Kohinoor Electronics-Pune Tilak Road,Pune,"S1/S2 Upper Ground Floor, Nikhil Pride Apts, Sadashiv Peth, Tilak Road, Pune -411030"
Kohinoor Electronics-Pune Baner,Pune,"Showroom No 1, G Flr, Deron Heights, Baner Road, Baner, Pune 411045"
Digi 1-Baner,Pune,"Shop No.135/6,  Balewadi Phata, Baner Road, Shambhu Vihar Society, Lalit Estate, Baner, Pune -  411 045 "
Digi 1-Chinchwad,Pune,"  Primer Plaza, G Building, Shop No 1 & 2, Next To Hastakala, Off Old Mumbai - Pune Highway, Chinchwad, Pcmc. Pune - 411 019"
Digi 1-Kharadi,Pune,Kharadi Pune
The Cycle Cafe,Pune,"Shop No. 13, Survey No. 18/11/ /6, Nr Shivar Gardan, Rahatani Pune 411017"
Mahalaxmi Furniture,Pune,"Shop No 1 Sr No 7,2 Lane No 3 Choudhari Apartment  Jay Malhar Thergoan Pimpri Chinchwad M Corp  Pune 411017"
Shreeramdev Furniture,Pune,H B 8 8 Pimpri Colony Pimpri M Corp Haveli  Pune 411017
Wall To Home,Pune,Sr No 46 03 Padmavati Mandir Undri Road Pisoli    Pune 411060
S P Furniture,Pune,Group No 2557 Khandve Nagar Lohegoan  Pune 411047
Krishna Electronics Prop Raydhanbhai,Rajkot,"Opp Triveni Gate, Opp Kailash Marble, Sant Kabir Road , Rajkot , Rajkot Gujart - 360003"
Kiran Television,Rajkot,Kailash Opp Jagnath Temple Dr Yagnik Road  Rajkot 360001
Om Electronics,Rajkot,"Jayshree Complex, Shop No.2-3-5. Nr. Raiya Chowk, Raiya Road, Rajkot"
Madhraj Air Zone,Rajkot,Trade Centre  Sardar Nagar Mai In Road  Rajkot Rajkot 360001
Om Appliances Prop Riddhiben,Rajkot,"Jayshree Complex, Shop No.2-3-5. Nr. Raiya Chowk, Raiya Road, Rajkot"
Victory Electronics,Rajkot,"28-29-30 Pramukh Swami Arcade- -B, Malaviya Chowk, Rajkot Rajkot 360001"
Gurukrupa Electronics,Rajkot,"Mavdi By Pass Road Nr,Sorathiya Family Hall Bapa Sitaram Chowk Mavdi Rajkot 360004"
Vaibhav Refrigeration,Rajkot,6 To 8 Ajitnath Awas Besind Mahavir Petrol Pump Rander Road  Surat 395005
Dwarkesh Electronics,Rajkot,1 Vivekanand Nagar Near Sun Petrol Pump Kotharia Main Road  Rajkot 360002
Kailash Electronics,Rajkot,Opp Jagnath Temple Yagnik Road  Rajkot 360001
Cdf Dharmesh Electonics,Rajkot,Shobhna Complex 80Ft Road Atik A South Rajkot 360002
Cdf Balaji Refrigeration Ho,Rajkot,Viarni Aghat Pragati Society   Dhebar Roadrajkot Rajkot 360002
Cdf Bombay Digital,Rajkot,Dhebar Road Beside Swaminarayan Gurukul Rajkot 360002
Cdf Raviraj Electronics,Rajkot,Mavdi Rd Opp Fire Bried Ff 101  Rajkot 360001
Sales India Pvt Ltd Rajkot,Rajkot,Rajkot
Hari Om (Ext Crn 95671939),Rajkot,"Kothariya Main Road, Vivekanand Nagar, Street No 8 , B\H Sun Petrol Pump, Rajkot -360002"
Vikas Electronics,Rajkot,Shop 101-102 Shree Mahalaxmi Complex Opp Saint Marys Schl Kalawad Road  Rajkot 360005
Shree Yamuna Eletronics,Surat,Shop No 2 D 33 34   Krishna Ni Ivash Sagar Society  L H Road  Surat 395006
Dharma Enterprise,Surat,"No-11, Gayatri Society, Opp Su Rat Super Store, Hirabaug Varachha Road, Surat. Gujrat 395006 Surat 395006"
Jay Bapa Sitaram Electronics,Surat,"B 202, Ground Floor, Ghanshyam Nagar Society, L.H. Road. Varachha Surat Surat 395006"
Amrit Electronic,Surat,"Shop Num 3,4,5,6/52. A Tower.  Elbee Apartment, Opp Ajanta Shoping, Behind 24 Carrat Sweet Shop. Ring Road. Surat.  Surat 395002"
Usha Electrotrade Agencies India Pvt Ltd Sayan,Surat," 67-68,Raguveer Sy ,Nr-X-Road, Amroli , Surat-394107"
Usha Electrotrade Agencies India Private Ltd Ved ,Surat,"Shop No-58-61 Polt No-52-53 Vasudev Sy ,Ved Road, Surat-395004"
Gurukrupa Sales,Surat,Gf Tp 16 0021 1 Shop No 2 Satyanarayan Rd Varachha Rd  Vadvala Nagar Soc Surat 395006
Usha Electrotrade Agencies India Private Ltd Katargam,Surat," Grfloor,Basement ,Nr-Police Chowky,Katargam ,Surat-395004"
J B Digitronics Pvt Ltd Majuragate ,Surat,Navin Majuragate Surat
Gayatri Electronics Centre,Surat,"65 Hans Society, L.H. Road, Va Raccha, Surat Gujarat 395006 Surat 395006"
Take Home Electronics,Surat,"23, M.D. Tower, Ground Floor,   Mini Bazar, Varachha Road. Surat Gujarat 395006 Surat 395006"
Nakoda Electronic And Mobile,Surat,"Shop Num 2, 3 . Mongilal Shopp Ing Center. 18 B, Tp Num 15. Ratanji Nagar. L H Road Surat.  Surat 395006"
Khodiyar Electronics And Mobile,Surat,"Ground Floor, Plot No. 16 Bhar Atnagar Society, Nr Bhagwati Ras, L.H.Road, Surat Gujarat 395006 Surat 395006"
Mahaveer Electronics,Surat,"Plot Num, 15. Shop Num 3, Shak Kti Vijay Society. Varachha Ro Surat 395006"
Tv Palace Varachha,Surat,"Mohan Ni Chal, Opp. Super Dimond Market, Varachha Road. Surat. 395006"
J B Digitronics Pvt Ltd-Adajan Rd ,Surat,Navin Adajan Rd Surat
Shree Shivdhara Electronics,Surat,"63, Ground Floor, Gelani Park   Society. Nana Varachha Surat. Surat 395006"
Heena Sales,Surat,"Ground Floor, Shop Num 1 Shreeji Arcade, Mohan Ni Chal. Mini Bazar. Varachha. Surat. Gujarat 395006"
Shree Galeambe Electronic And Electric,Surat,18 C Shop No. 4 5 Mahavir Complex Opp Surat Communit Hall L.H Road Varachha Surat Surat 395006
Tv Palace Rander,Surat,"G-7, Patel Park, Opp. Welcome Tower, Tadwadi, Rander Road. Surat. 395009"
Pramukh Electronics,Surat,"Shop No:4 Krishna Shopping Center ., Opp Karmanath Kapodra , Varachha Road , Surat. 395006"
Vidhata Vision,Surat,124  125  Karmyogi Society 1   Near Piyush Point  Bamroli Ro Surat 394220
Shiv Vision,Surat,B 279  Jalaram Nagar  Near Aak Kashbhumi Apt  Padesara Surat  Surat Urat. 
Diyora Electronics,Surat,"4/5, Ankur Apartment. Opp Cros Ss Road Shoping Center. Sayan  Surat 394107"
Meet Electronics,Surat,"G 2, Silicon Park, Newar Pramu Ukh Doctor House, Parvatpatia  Surat 395010"
Vee Gee Television,Surat,"Shop No : 7/8 , Tapi Baug Shop Pping Center, Mini Bajar , Var Surat 395006"
Mandaviya Tv Palace,Surat,"B 314, Ambika Nagar 2, Opp Jeram Mora Wadi. Katargam Road Surat. "
Diyora Electro Zone,Surat,"1-2 , Toran App,Nr. Katargam Police Station, Behind Bank Of Baroda, Katargam, Surat- 395004"
Parth Electronics,Surat,"Parth Electronics, 11, Narotta Am Complex, Opp. Bhuyangdev Br Ahmedabad 380061"
Modern Electronext,Surat,"139,140. Nanpura Main Road, Ne Ear Makai Bridge, Opp Saher Ba Surat 395001"
Tv Palace Amroli,Surat,"G-1, Bizz Hub, Near 99 Shopping, Amroli Sayan Road, Amroli Surat. 394107"
Sanwariya Sales,Surat,Shop 317 20 Iswar Nagar Near Kailash Chowkdi Brts  Stand Althan Road Bamroli Surat 394107
Maruti Electronics,Surat,"Shop Num 1, 2. Center Point, Maruti Chowk. L.H. Road Surat"
Sai Krishna Agency,Surat,G 8 9 Shyam Shrushti Apartment L P Savani Road Near Jalaram Mandir Adajan Surat 395009
Bright Marketing,Surat,"25, Kailasnagar Society. Near Ganga Jamna Apt, Nana Varachha Surat. "
Shakti Enterprise,Surat,"1-Jalu Arcade, Above A-One Coc Co, Opp. Mahalaxmi Fast Food,  Surat 350009"
J B Digitronics Pvt Ltd-Althan Rd ,Surat,Navin Althan Rd Surat
Keshav Sales,Surat,7 And 8 Bahuchar Bhavan Beside Nani Bahucharji  Temple Opp Sarvoday Sahari Bank Ved Road Surat 395004
Amardeep Mart,Surat,Ground Floor Plot No 16 Bharatnagar Society  Near Bhagwati Ras L H Road  Surat 395006
Vaibhav Refrigeration-Adajan Rd,Surat,6 To 8 Ajitnath Awas Besind Mahavir Petrol Pump Rander Road  Surat 395005
Asopalav Sales,Surat,Word No 61A Shop Number 14 To 15 Millenium Park Apartment Sayan Road Amroli  Surat 394107
Vaibhav Refrigeration- L P Savani Road,Surat,6 To 8 Ajitnath Awas Besind Mahavir Petrol Pump Rander Road  Surat 395005
Arihant Sales,Surat,Opp Althan Police Choki Azad Nagar Bhestan Gujarat Surat 395007
New Light House,Surat,42 Mayur Nagar Plot 14 15  Kamrej Char Rasta  Surat  394180
Mahatma Sales,Surat,89 Nana Varachha Society Beside Moti Nagar Varachha Rd  Surat  395006
Parth Electronic,Surat,V 01 Shankheshwar Complex  Surat 395002
New Surat Electrical,Surat,4 864 Begumpura Vamlisherinaka Station Road Surat  Surat 395003
New Surat Electricals,Surat,4 864 Begumpura Vamlisherinaka Station Road Surat  Surat 395003
Bhavna Sales,Surat,B 510 Jalaramnagar G H B  Main Rd Pandesara Near Kanya Dairy Surat 394221
Shiv Mall,Surat,P No  22 N 23 Shreenathji Soc 2Dindoli  Surat 394210
Hariom Electronics & Electricals,Surat,Shop No  7 Astik Nagar 3 Pryanka Town Godadara Surat  Surat 394210
Maruti Sales & Marketing,Surat,Shop No 1819 Gopal Nagar Shopp Ing Centeropp Brts  Kamrej Sur Surat 394190
Laser Vision -Parvatpatia,Surat,Times Sqaure Opp Landmark Empi Renear Vakil Vadi Magob Surat 394210
Keshav Marketing(Panasonic Brandshop),Surat,A 9 1 Guru Krupa Opp Shell Pat Rol Pump  Lp Savani Road Adjan Surat 395009
Laser Vision -Bhagal,Surat,Times Sqaure Opp Landmark Empi Renear Vakil Vadi Magob Surat 394210
Anil Refrigeration,Surat,Prithvi House Opp Gujarat Sama Charudhna Darwaja Ring Road Surat 395002
Parth Electronics-Lg Shoppe,Surat,V 01 Shankheshwar Complex  Surat 395002
Rakesh Sales And Sevices,Surat,Shop No.G6 Mahaveer Market  Udhna Station Road Udhna Surat 394210
Bbc Electronics,Surat,Shade 12 Bhagu Estate Behind H Ans Socvarachha Road Surat Surat 395006
Parth Electronics L G Shoppe,Surat,V 01 Shankheshwar Complex  Surat 395002
Sat Keval Music And Fan Point,Surat,Shop No 1  2 Gopinath Complex  Opp Raghuveer Socnew Kosad Roa Surat 394107
J B Digitronics Pvt Ltd-Siganpore ,Surat,Navin Siganpore Surat
J B Digitronics Pvt Ltd-Dindoli ,Surat,Navin Dindoli Surat
Sales India Pvt Ltd Adajan,Surat,Adajan Surat
Sales India Pvt Ltd Udhana,Surat,Udhana Surat
Sales India Pvt Ltd Katargam Surat,Surat,Katargam Surat
Sales India Pvt Ltd Varachha,Surat,Varacccha Surat
Sales India Pvt Ltd Parvat Patia,Surat,Parvat Patia Surat
